40	fitness	0.41264001908622044	0.025828420514493255
40	global_fitness	0.3456672421345564	N/A
40	arrived_vehicles	383.7	3.8999999999999995
40	non_arrived_vehicles	16.3	3.9
40	total_trip_time	36313.3	557.7974632427079
40	total_wait_time	16219.1	717.1869282132797
41	fitness	0.43444648458019774	0.050712788173792905
41	global_fitness	0.3456672421345564	N/A
41	arrived_vehicles	380.1	7.6216796049164905
41	non_arrived_vehicles	19.6	6.843975452907469
41	total_trip_time	36207.1	798.4832434058964
41	total_wait_time	16500.3	1208.1864135968422
42	fitness	0.40453401436512015	0.032230562945591595
42	global_fitness	0.3456672421345564	N/A
42	arrived_vehicles	384.6	4.176122603564219
42	non_arrived_vehicles	15.4	4.17612260356422
42	total_trip_time	36110.5	1042.625651900048
42	total_wait_time	15940.6	1193.0218103622415
43	fitness	0.4073713504890952	0.02268788330756488
43	global_fitness	0.3456672421345564	N/A
43	arrived_vehicles	383.7	2.8653097563788803
43	non_arrived_vehicles	16.3	2.8653097563788803
43	total_trip_time	35937.3	811.4683049879397
43	total_wait_time	15846.6	852.210678177644
44	fitness	0.42317069267846924	0.043597006383470534
44	global_fitness	0.3456672421345564	N/A
44	arrived_vehicles	381.0	6.841052550594828
44	non_arrived_vehicles	19.0	6.841052550594828
44	total_trip_time	35692.9	897.4274845356587
44	total_wait_time	16037.1	935.8904262786322
45	fitness	0.4056962807057231	0.02898352214659836
45	global_fitness	0.3456672421345564	N/A
45	arrived_vehicles	383.4	4.454211490264017
45	non_arrived_vehicles	16.6	4.454211490264017
45	total_trip_time	35595.4	611.0159081398782
45	total_wait_time	15652.6	772.5261419524908
46	fitness	0.4021742758360388	0.026140449555043545
46	global_fitness	0.3456672421345564	N/A
46	arrived_vehicles	384.3	3.661966684720111
46	non_arrived_vehicles	15.7	3.661966684720111
46	total_trip_time	35821.8	1072.594126405697
46	total_wait_time	15665.5	967.0176058376601
47	fitness	0.4151332255309034	0.025231584832711314
47	global_fitness	0.3456672421345564	N/A
47	arrived_vehicles	382.4	3.4698703145794947
47	non_arrived_vehicles	17.6	3.4698703145794942
47	total_trip_time	35870.5	745.0145300596492
47	total_wait_time	15977.4	776.2486972613867
48	fitness	0.4142275012543144	0.022457761198393975
48	global_fitness	0.3456672421345564	N/A
48	arrived_vehicles	382.7	3.55105618091294
48	non_arrived_vehicles	17.3	3.551056180912941
48	total_trip_time	35971.4	764.7232440563057
48	total_wait_time	15995.2	622.9797428488346
49	fitness	0.44186406692209956	0.05649522049397504
49	global_fitness	0.3456672421345564	N/A
49	arrived_vehicles	379.4	8.662563131083086
49	non_arrived_vehicles	20.5	8.40535543567314
49	total_trip_time	36283.8	897.6999275927341
49	total_wait_time	16743.4	1188.6548027076658
50	fitness	0.414575066968841	0.015822787847923254
50	global_fitness	0.3456672421345564	N/A
50	arrived_vehicles	382.9	2.118962010041709
50	non_arrived_vehicles	17.1	2.118962010041709
50	total_trip_time	36140.0	1095.0145204516696
50	total_wait_time	16077.9	794.5718910205671
51	fitness	0.4288679887555841	0.035787193151032695
51	global_fitness	0.3456672421345564	N/A
51	arrived_vehicles	382.0	5.019960159204453
51	non_arrived_vehicles	18.0	5.019960159204453
51	total_trip_time	36738.0	1006.7857766178463
51	total_wait_time	16725.5	1060.9274480378006
52	fitness	0.43057881860613634	0.039810773411441826
52	global_fitness	0.3456672421345564	N/A
52	arrived_vehicles	380.8	6.675327707311455
52	non_arrived_vehicles	19.0	6.115553940568262
52	total_trip_time	36212.1	829.4700054854305
52	total_wait_time	16549.7	769.0256237603529
53	fitness	0.4632125624675327	0.07413952857135787
53	global_fitness	0.3456672421345564	N/A
53	arrived_vehicles	376.0	11.64474130240771
53	non_arrived_vehicles	23.8	11.22319027727856
53	total_trip_time	35963.5	958.1331066193256
53	total_wait_time	17049.0	1134.5268617357633
54	fitness	0.4157632006257752	0.019142406728512314
54	global_fitness	0.3456672421345564	N/A
54	arrived_vehicles	383.0	3.4641016151377544
54	non_arrived_vehicles	17.0	3.4641016151377544
54	total_trip_time	36179.6	581.6408169996325
54	total_wait_time	16264.8	363.9557115913968
55	fitness	0.40513116600240623	0.030941688257819323
55	global_fitness	0.3456672421345564	N/A
55	arrived_vehicles	384.7	4.290687590584986
55	non_arrived_vehicles	15.3	4.290687590584987
55	total_trip_time	36251.1	751.8779754720841
55	total_wait_time	15965.8	871.2129246056901
56	fitness	0.42994260002013285	0.08630858753415076
56	global_fitness	0.3456672421345564	N/A
56	arrived_vehicles	381.5	13.298496155580901
56	non_arrived_vehicles	18.5	13.298496155580901
56	total_trip_time	36143.4	1470.1279672191804
56	total_wait_time	16423.9	1068.2512298144102
57	fitness	0.4193730231647703	0.018571578197962922
57	global_fitness	0.3456672421345564	N/A
57	arrived_vehicles	382.3	2.6095976701399777
57	non_arrived_vehicles	17.7	2.6095976701399777
57	total_trip_time	36201.5	490.35216936401946
57	total_wait_time	16209.3	587.1749398603451
58	fitness	0.40866010152937404	0.01721549611881947
58	global_fitness	0.3456672421345564	N/A
58	arrived_vehicles	383.9	1.7000000000000002
58	non_arrived_vehicles	16.1	1.7000000000000002
58	total_trip_time	36104.4	721.599085365274
58	total_wait_time	16054.4	755.196027531925
59	fitness	0.41774404676475935	0.02071051777964924
59	global_fitness	0.3456672421345564	N/A
59	arrived_vehicles	382.6	2.764054992217051
59	non_arrived_vehicles	17.4	2.7640549922170505
59	total_trip_time	36185.8	678.1511335978139
59	total_wait_time	16227.1	653.9629117924044
60	fitness	0.4221687363882484	0.0280428162354901
60	global_fitness	0.3456672421345564	N/A
60	arrived_vehicles	381.2	4.707440918375927
60	non_arrived_vehicles	18.8	4.707440918375928
60	total_trip_time	35784.8	399.5449411518058
60	total_wait_time	16071.9	403.58975457759084
61	fitness	0.4176062902541446	0.04141598644218197
61	global_fitness	0.3456672421345564	N/A
61	arrived_vehicles	382.5	7.619055059520177
61	non_arrived_vehicles	17.5	7.619055059520177
61	total_trip_time	35972.3	1235.564085751929
61	total_wait_time	16169.0	681.735432554301
62	fitness	0.3969691596581636	0.024348047480833628
62	global_fitness	0.3346646396454431	N/A
62	arrived_vehicles	385.4	3.3823069050575527
62	non_arrived_vehicles	14.6	3.3823069050575527
62	total_trip_time	35968.7	458.28507503517943
62	total_wait_time	15636.1	707.4815121259354
63	fitness	0.4030390068567139	0.018406126957588993
63	global_fitness	0.3346646396454431	N/A
63	arrived_vehicles	384.2	3.249615361854384
63	non_arrived_vehicles	15.8	3.249615361854384
63	total_trip_time	35863.0	681.6579787547417
63	total_wait_time	15691.6	523.2036314858681
64	fitness	0.4142999954565599	0.032595815447215584
64	global_fitness	0.3346646396454431	N/A
64	arrived_vehicles	382.8	4.749736834815167
64	non_arrived_vehicles	17.2	4.749736834815167
64	total_trip_time	35982.6	884.663009286587
64	total_wait_time	16025.1	979.603843397932
65	fitness	0.414373970064614	0.034229445529438574
65	global_fitness	0.3346646396454431	N/A
65	arrived_vehicles	382.3	4.733920151417849
65	non_arrived_vehicles	17.7	4.73392015141785
65	total_trip_time	35669.3	796.1579051921798
65	total_wait_time	15933.4	967.6816831995943
66	fitness	0.406214979485251	0.025504817775987097
66	global_fitness	0.3346646396454431	N/A
66	arrived_vehicles	383.5	4.201190307520001
66	non_arrived_vehicles	16.5	4.201190307520001
66	total_trip_time	35700.1	702.8152602213472
66	total_wait_time	15722.2	631.3741838244576
67	fitness	0.4030264219714338	0.0388911375318105
67	global_fitness	0.3346646396454431	N/A
67	arrived_vehicles	384.7	5.404627646748664
67	non_arrived_vehicles	15.3	5.404627646748664
67	total_trip_time	35997.2	740.5269475177795
67	total_wait_time	15853.2	1121.2764868666425
68	fitness	0.4137303642127188	0.05605346566179293
68	global_fitness	0.3346646396454431	N/A
68	arrived_vehicles	382.7	8.271033792700885
68	non_arrived_vehicles	17.3	8.271033792700885
68	total_trip_time	35751.5	772.3966921213478
68	total_wait_time	15875.1	1313.0941664633197
69	fitness	0.4233844750294525	0.05437553102551892
69	global_fitness	0.3346646396454431	N/A
69	arrived_vehicles	381.3	8.000624975587845
69	non_arrived_vehicles	18.7	8.000624975587844
69	total_trip_time	35786.6	578.0393066219632
69	total_wait_time	16121.3	1190.8574263949486
70	fitness	0.420126438873484	0.033118424678124134
70	global_fitness	0.3346646396454431	N/A
70	arrived_vehicles	381.8	5.192301994298868
70	non_arrived_vehicles	18.2	5.192301994298868
70	total_trip_time	35889.4	679.4445084037401
70	total_wait_time	16136.6	771.4572185157126
71	fitness	0.4040031818376435	0.03922841354675919
71	global_fitness	0.3346646396454431	N/A
71	arrived_vehicles	384.1	5.448853090330111
71	non_arrived_vehicles	15.9	5.448853090330111
71	total_trip_time	35754.6	862.8914416078073
71	total_wait_time	15754.4	1043.9022176430128
72	fitness	0.40225229512004923	0.026621543309154037
72	global_fitness	0.3346646396454431	N/A
72	arrived_vehicles	384.1	4.060788100849391
72	non_arrived_vehicles	15.9	4.060788100849391
72	total_trip_time	35708.1	515.5968289274091
72	total_wait_time	15614.0	654.1409634016204
73	fitness	0.39301074139999725	0.02056751654618819
73	global_fitness	0.3346646396454431	N/A
73	arrived_vehicles	386.4	2.870540018881465
73	non_arrived_vehicles	13.6	2.870540018881465
73	total_trip_time	36134.0	906.9898566136228
73	total_wait_time	15709.2	820.2540825866092
74	fitness	0.41992279979614794	0.02531107798121836
74	global_fitness	0.3346646396454431	N/A
74	arrived_vehicles	382.7	4.539823785126466
74	non_arrived_vehicles	17.3	4.539823785126467
74	total_trip_time	36387.7	960.78260288163
74	total_wait_time	16392.0	631.349823790266
75	fitness	0.3924134576172474	0.020346502002273142
75	global_fitness	0.3346646396454431	N/A
75	arrived_vehicles	385.5	2.4186773244895647
75	non_arrived_vehicles	14.5	2.4186773244895647
75	total_trip_time	35671.1	1118.3538304132553
75	total_wait_time	15370.7	1025.8140231055531
76	fitness	0.40268227183893324	0.03250776558621685
76	global_fitness	0.3346646396454431	N/A
76	arrived_vehicles	384.3	4.859012245302536
76	non_arrived_vehicles	15.7	4.859012245302537
76	total_trip_time	35843.6	821.0333976154685
76	total_wait_time	15670.9	856.409884342772
77	fitness	0.412879126712937	0.029623899746471248
77	global_fitness	0.3346646396454431	N/A
77	arrived_vehicles	382.8	4.578209256903839
77	non_arrived_vehicles	17.2	4.578209256903839
77	total_trip_time	35815.9	672.4786167604141
77	total_wait_time	15993.8	743.9068221222333
78	fitness	0.40449454788153166	0.019211380384802385
78	global_fitness	0.3346646396454431	N/A
78	arrived_vehicles	383.5	2.9410882339705484
78	non_arrived_vehicles	16.5	2.9410882339705484
78	total_trip_time	35560.3	731.1508804617553
78	total_wait_time	15644.3	649.6312877317409
79	fitness	0.3977103743159255	0.02816604856465519
79	global_fitness	0.3346646396454431	N/A
79	arrived_vehicles	385.1	4.1340053217188775
79	non_arrived_vehicles	14.9	4.1340053217188775
79	total_trip_time	35837.1	817.7358314272404
79	total_wait_time	15616.4	728.3035356223393
80	fitness	0.4079354684862091	0.04090760594917433
80	global_fitness	0.3346646396454431	N/A
80	arrived_vehicles	383.9	6.315853069855251
80	non_arrived_vehicles	16.1	6.315853069855251
80	total_trip_time	36046.1	861.2299867050613
80	total_wait_time	15850.3	1002.4984837893771
81	fitness	0.3967189206463315	0.019700523629393493
81	global_fitness	0.3346646396454431	N/A
81	arrived_vehicles	386.0	3.3166247903554
81	non_arrived_vehicles	14.0	3.3166247903554
81	total_trip_time	36281.7	588.4306331250949
81	total_wait_time	15784.6	470.0002553190796
82	fitness	0.4037229022098184	0.027410325085395176
82	global_fitness	0.3346646396454431	N/A
82	arrived_vehicles	384.8	4.142463035441596
82	non_arrived_vehicles	15.2	4.142463035441596
82	total_trip_time	36184.2	400.7170572860606
82	total_wait_time	15916.7	574.6947102592819
83	fitness	0.41871697786416656	0.026267802287080682
83	global_fitness	0.3346646396454431	N/A
83	arrived_vehicles	381.8	3.5999999999999996
83	non_arrived_vehicles	18.2	3.6000000000000005
83	total_trip_time	35845.3	1049.102764270498
83	total_wait_time	16033.9	954.1767603541809
84	fitness	0.4028640527100583	0.02825994461477243
84	global_fitness	0.3346646396454431	N/A
84	arrived_vehicles	384.2	3.994996871087636
84	non_arrived_vehicles	15.8	3.9949968710876362
84	total_trip_time	35830.3	644.8972088635521
84	total_wait_time	15659.5	792.9596774111532
85	fitness	0.41860222526995877	0.031422023650130256
85	global_fitness	0.3346646396454431	N/A
85	arrived_vehicles	381.1	4.182104733265296
85	non_arrived_vehicles	18.9	4.182104733265297
85	total_trip_time	35398.5	688.9425592892342
85	total_wait_time	15860.1	894.4500489127382
86	fitness	0.41863060748858477	0.034306939543136364
86	global_fitness	0.3346646396454431	N/A
86	arrived_vehicles	382.5	5.352569476429054
86	non_arrived_vehicles	17.5	5.352569476429054
86	total_trip_time	36148.6	509.9755288246682
86	total_wait_time	16223.6	753.8799904494084
87	fitness	0.4141711487224085	0.03657842722059273
87	global_fitness	0.3346646396454431	N/A
87	arrived_vehicles	382.4	4.94368283772331
87	non_arrived_vehicles	17.6	4.94368283772331
87	total_trip_time	35811.8	669.6412173694209
87	total_wait_time	15827.6	973.1604389821855
88	fitness	0.41457393455741415	0.04291961892096344
88	global_fitness	0.3346646396454431	N/A
88	arrived_vehicles	381.8	6.289674077406555
88	non_arrived_vehicles	18.2	6.289674077406556
88	total_trip_time	35415.6	516.765749639041
88	total_wait_time	15730.9	930.2037894999139
89	fitness	0.41203952622511403	0.02518987767498148
89	global_fitness	0.3346646396454431	N/A
89	arrived_vehicles	383.2	3.655133376499413
89	non_arrived_vehicles	16.8	3.655133376499413
89	total_trip_time	36034.4	393.7667329777872
89	total_wait_time	16006.5	640.6966911105442
90	fitness	0.40689773400059914	0.026752150423358517
90	global_fitness	0.3346646396454431	N/A
90	arrived_vehicles	382.6	4.103656905736638
90	non_arrived_vehicles	17.4	4.103656905736638
90	total_trip_time	35254.9	567.0646259466376
90	total_wait_time	15533.1	678.9769436438913
91	fitness	0.407095967256187	0.027086467687284833
91	global_fitness	0.3346646396454431	N/A
91	arrived_vehicles	383.6	3.9799497484264794
91	non_arrived_vehicles	16.4	3.97994974842648
91	total_trip_time	35839.1	644.1106193814849
91	total_wait_time	15792.2	748.4104221615303
92	fitness	0.39962400326406045	0.03421893426298981
92	global_fitness	0.3346646396454431	N/A
92	arrived_vehicles	385.3	5.4230987451825
92	non_arrived_vehicles	14.7	5.423098745182499
92	total_trip_time	36049.0	593.5756059677655
92	total_wait_time	15800.6	819.7369334121771
93	fitness	0.4165300233444171	0.02154964994360031
93	global_fitness	0.3346646396454431	N/A
93	arrived_vehicles	382.5	3.774917217635375
93	non_arrived_vehicles	17.5	3.774917217635375
93	total_trip_time	36054.7	675.7523288898085
93	total_wait_time	16083.8	589.912162953096
94	fitness	0.4115625220648993	0.025112255542672622
94	global_fitness	0.3346646396454431	N/A
94	arrived_vehicles	383.9	3.8845849199110063
94	non_arrived_vehicles	16.1	3.8845849199110063
94	total_trip_time	36376.7	762.4939409595331
94	total_wait_time	16165.8	761.4030207452555
95	fitness	0.41196555010102714	0.027355850643385703
95	global_fitness	0.3346646396454431	N/A
95	arrived_vehicles	382.7	4.026164427839479
95	non_arrived_vehicles	17.3	4.026164427839479
95	total_trip_time	35714.4	457.9873797387872
95	total_wait_time	15896.5	690.0848136280061
96	fitness	0.4052367612870113	0.03325295255342142
96	global_fitness	0.3346646396454431	N/A
96	arrived_vehicles	384.1	5.412023651093923
96	non_arrived_vehicles	15.9	5.412023651093923
96	total_trip_time	35859.4	610.3672992551288
96	total_wait_time	15853.3	751.7624691350321
97	fitness	0.4151054709854525	0.021674441116874558
97	global_fitness	0.3346646396454431	N/A
97	arrived_vehicles	382.6	3.7469987990390385
97	non_arrived_vehicles	17.4	3.746998799039039
97	total_trip_time	36038.3	703.3922163345284
97	total_wait_time	15974.0	558.2259399203874
98	fitness	0.38808758389858067	0.01771384058240558
98	global_fitness	0.3346646396454431	N/A
98	arrived_vehicles	386.8	3.1874754901018454
98	non_arrived_vehicles	13.2	3.1874754901018454
98	total_trip_time	35985.1	904.6488213666119
98	total_wait_time	15445.3	602.9951989858625
99	fitness	0.4120728691964623	0.029954253775487702
99	global_fitness	0.3346646396454431	N/A
99	arrived_vehicles	382.2	4.6
99	non_arrived_vehicles	17.8	4.6000000000000005
99	total_trip_time	35437.1	627.3736446488648
99	total_wait_time	15764.0	729.4063339456274
100	fitness	0.4088523252625572	0.017625262079886846
100	global_fitness	0.3346646396454431	N/A
100	arrived_vehicles	383.5	3.263433774416144
100	non_arrived_vehicles	16.5	3.263433774416144
100	total_trip_time	35904.1	783.782297580138
100	total_wait_time	15941.2	492.247864393539
101	fitness	0.43030868008603995	0.06300546047461637
101	global_fitness	0.3346646396454431	N/A
101	arrived_vehicles	380.2	10.146920715172657
101	non_arrived_vehicles	19.3	9.220086767487604
101	total_trip_time	35764.0	731.6993918269989
101	total_wait_time	16355.7	1336.7883190692535
102	fitness	0.39502303688700946	0.0334361885329923
102	global_fitness	0.3346646396454431	N/A
102	arrived_vehicles	385.0	5.656854249492381
102	non_arrived_vehicles	15.0	5.656854249492381
102	total_trip_time	35554.1	750.9166997743491
102	total_wait_time	15369.9	717.6391084660869
103	fitness	0.40519523580909256	0.020855685408479086
103	global_fitness	0.3346646396454431	N/A
103	arrived_vehicles	384.0	3.847076812334269
103	non_arrived_vehicles	16.0	3.847076812334269
103	total_trip_time	35836.1	386.9370620656543
103	total_wait_time	15857.3	354.4384431745518
104	fitness	0.43636825327607853	0.09562422093132457
104	global_fitness	0.3346646396454431	N/A
104	arrived_vehicles	379.0	14.226735395022992
104	non_arrived_vehicles	21.0	14.226735395022992
104	total_trip_time	35218.6	1253.3899792163652
104	total_wait_time	16057.6	1435.454785076841
105	fitness	0.41021382499777614	0.033848529288212637
105	global_fitness	0.3346646396454431	N/A
105	arrived_vehicles	384.3	5.514526271584895
105	non_arrived_vehicles	15.7	5.514526271584894
105	total_trip_time	36381.6	458.15285658827884
105	total_wait_time	16223.3	597.2882135117015
106	fitness	0.4020988901982271	0.023372307379121302
106	global_fitness	0.3346646396454431	N/A
106	arrived_vehicles	384.9	3.645545226711637
106	non_arrived_vehicles	15.1	3.645545226711637
106	total_trip_time	36110.6	622.886217538966
106	total_wait_time	15853.1	681.0637929004889
107	fitness	0.42546248700241723	0.03270754466651045
107	global_fitness	0.3346646396454431	N/A
107	arrived_vehicles	380.7	5.348831648126533
107	non_arrived_vehicles	19.3	5.348831648126533
107	total_trip_time	35722.8	778.4680854087725
107	total_wait_time	16173.9	696.2580627899399
108	fitness	0.40045078276694107	0.027058194402111872
108	global_fitness	0.3346646396454431	N/A
108	arrived_vehicles	384.2	4.874423042781576
108	non_arrived_vehicles	15.8	4.874423042781577
108	total_trip_time	35500.6	470.7222535636062
108	total_wait_time	15619.0	423.435473242382
109	fitness	0.39704741868114934	0.028580757540694612
109	global_fitness	0.3346646396454431	N/A
109	arrived_vehicles	385.4	4.054626986542658
109	non_arrived_vehicles	14.6	4.054626986542659
109	total_trip_time	35948.1	486.73944775413463
109	total_wait_time	15645.8	724.9070009318436
110	fitness	0.4252189886862384	0.025644750382238124
110	global_fitness	0.3346646396454431	N/A
110	arrived_vehicles	380.1	3.7802116342871597
110	non_arrived_vehicles	19.9	3.7802116342871597
110	total_trip_time	35480.5	620.9019648865673
110	total_wait_time	15938.5	613.5901319284723
111	fitness	0.41104300657680515	0.021330814810868688
111	global_fitness	0.3346646396454431	N/A
111	arrived_vehicles	382.7	2.8301943396169813
111	non_arrived_vehicles	17.3	2.8301943396169813
111	total_trip_time	35684.0	602.188674752357
111	total_wait_time	15825.9	598.6123035822101
112	fitness	0.39473280170646474	0.01562567766740724
112	global_fitness	0.3346646396454431	N/A
112	arrived_vehicles	385.3	2.6095976701399777
112	non_arrived_vehicles	14.7	2.6095976701399777
112	total_trip_time	35699.9	966.1581081789874
112	total_wait_time	15530.1	686.6637386668966
113	fitness	0.40796613084455136	0.013857976517790667
113	global_fitness	0.3346646396454431	N/A
113	arrived_vehicles	383.0	2.0976176963403033
113	non_arrived_vehicles	17.0	2.0976176963403033
113	total_trip_time	35618.5	524.6113323213672
113	total_wait_time	15707.3	446.40207212780723
114	fitness	0.40844610849706064	0.019418955111912963
114	global_fitness	0.3346646396454431	N/A
114	arrived_vehicles	383.6	2.973213749463701
114	non_arrived_vehicles	16.4	2.973213749463701
114	total_trip_time	35923.1	861.8098920295589
114	total_wait_time	15945.4	711.96308893088
115	fitness	0.4095378533550188	0.03452762848610828
115	global_fitness	0.3346646396454431	N/A
115	arrived_vehicles	383.7	5.020956084253276
115	non_arrived_vehicles	16.3	5.020956084253277
115	total_trip_time	36083.9	736.8320636345842
115	total_wait_time	15942.3	905.0526006813085
116	fitness	0.3818049994213275	0.028344556194466568
116	global_fitness	0.3346646396454431	N/A
116	arrived_vehicles	388.1	4.182104733265296
116	non_arrived_vehicles	11.9	4.182104733265297
116	total_trip_time	36077.4	728.4404162318289
116	total_wait_time	15401.2	875.3172910436535
117	fitness	0.39737736861692846	0.03728018328895104
117	global_fitness	0.3346646396454431	N/A
117	arrived_vehicles	384.7	5.8999999999999995
117	non_arrived_vehicles	15.3	5.9
117	total_trip_time	35497.9	539.5902982819465
117	total_wait_time	15509.9	860.0923729460691
118	fitness	0.3901292214475204	0.026510928576375967
118	global_fitness	0.3346646396454431	N/A
118	arrived_vehicles	385.7	4.075536774462966
118	non_arrived_vehicles	14.3	4.075536774462966
118	total_trip_time	35530.9	644.9270423854159
118	total_wait_time	15283.2	766.619305783516
119	fitness	0.4053440925521784	0.02414607661754748
119	global_fitness	0.3346646396454431	N/A
119	arrived_vehicles	384.3	3.0347981810987035
119	non_arrived_vehicles	15.7	3.0347981810987035
119	total_trip_time	36100.8	1095.387036622216
119	total_wait_time	15870.0	945.3602487940774
120	fitness	0.4127721481852661	0.029610612287820876
120	global_fitness	0.3346646396454431	N/A
120	arrived_vehicles	383.1	3.8845849199110063
120	non_arrived_vehicles	16.9	3.8845849199110063
120	total_trip_time	36024.3	972.7759300064944
120	total_wait_time	16031.7	964.1443927130417
121	fitness	0.4204968719926162	0.0668254371740799
121	global_fitness	0.3346646396454431	N/A
121	arrived_vehicles	381.4	10.307278981380101
121	non_arrived_vehicles	18.4	9.73858305915188
121	total_trip_time	35516.7	934.9809677207339
121	total_wait_time	15989.8	1162.2108070397558
122	fitness	0.4101117608235046	0.025341440220223267
122	global_fitness	0.3346646396454431	N/A
122	arrived_vehicles	384.0	3.5496478698597698
122	non_arrived_vehicles	16.0	3.5496478698597698
122	total_trip_time	36296.6	499.12106747762107
122	total_wait_time	16115.0	711.2912202466722
123	fitness	0.4073184512366283	0.019955521919706346
123	global_fitness	0.3346646396454431	N/A
123	arrived_vehicles	383.7	3.579106033634656
123	non_arrived_vehicles	16.3	3.579106033634656
123	total_trip_time	35943.3	697.6692697833265
123	total_wait_time	15828.6	514.2159468550153
124	fitness	0.42360372979502114	0.031115891349347884
124	global_fitness	0.3346646396454431	N/A
124	arrived_vehicles	381.3	4.1
124	non_arrived_vehicles	18.7	4.1000000000000005
124	total_trip_time	35958.5	681.917187054264
124	total_wait_time	16191.3	848.6615403092094
125	fitness	0.40466510015202684	0.029912920769615346
125	global_fitness	0.3346646396454431	N/A
125	arrived_vehicles	384.5	4.031128874149275
125	non_arrived_vehicles	15.5	4.031128874149275
125	total_trip_time	36009.9	585.8270137165065
125	total_wait_time	15982.6	896.537584265155
126	fitness	0.39478655832540394	0.023734968629314047
126	global_fitness	0.3346646396454431	N/A
126	arrived_vehicles	385.1	2.7730849247724096
126	non_arrived_vehicles	14.9	2.7730849247724096
126	total_trip_time	35609.2	788.435767834007
126	total_wait_time	15444.7	930.3659548801213
127	fitness	0.3918111230899671	0.02415931678000214
127	global_fitness	0.3346646396454431	N/A
127	arrived_vehicles	385.4	3.2924155266308657
127	non_arrived_vehicles	14.6	3.2924155266308657
127	total_trip_time	35529.6	613.9500305399455
127	total_wait_time	15313.2	727.0831864374254
128	fitness	0.41346562624104255	0.056788269826194136
128	global_fitness	0.3346646396454431	N/A
128	arrived_vehicles	381.9	8.154140052758475
128	non_arrived_vehicles	18.1	8.154140052758475
128	total_trip_time	35292.5	650.9482698340937
128	total_wait_time	15644.7	1218.4848008900235
129	fitness	0.39819039287704017	0.03696607303082974
129	global_fitness	0.3346646396454431	N/A
129	arrived_vehicles	385.3	5.1000000000000005
129	non_arrived_vehicles	14.7	5.1000000000000005
129	total_trip_time	35948.8	1008.093626604196
129	total_wait_time	15687.4	1101.9524672144437
130	fitness	0.40349579454974993	0.026950016436891804
130	global_fitness	0.3346646396454431	N/A
130	arrived_vehicles	384.7	3.3181320046074116
130	non_arrived_vehicles	15.3	3.3181320046074116
130	total_trip_time	36143.5	879.1803284878479
130	total_wait_time	15862.6	944.1704507132174
131	fitness	0.3915114452793139	0.025658380827952108
131	global_fitness	0.3346646396454431	N/A
131	arrived_vehicles	385.3	3.8999999999999995
131	non_arrived_vehicles	14.7	3.9
131	total_trip_time	35423.1	812.6463498964356
131	total_wait_time	15284.7	717.9427623425142
132	fitness	0.406972586804085	0.030019672811160684
132	global_fitness	0.3346646396454431	N/A
132	arrived_vehicles	384.5	5.103920062069938
132	non_arrived_vehicles	15.5	5.103920062069938
132	total_trip_time	36235.2	835.5710382726295
132	total_wait_time	16080.8	730.2555443130849
133	fitness	0.3983968052098393	0.019559323631604928
133	global_fitness	0.3346646396454431	N/A
133	arrived_vehicles	385.4	2.939387691339814
133	non_arrived_vehicles	14.6	2.9393876913398134
133	total_trip_time	36070.9	701.0006348071305
133	total_wait_time	15767.4	562.3568617879575
134	fitness	0.4036195376464325	0.02629082506254362
134	global_fitness	0.3346646396454431	N/A
134	arrived_vehicles	383.6	4.31740662898458
134	non_arrived_vehicles	16.4	4.317406628984581
134	total_trip_time	35524.0	588.0343527380012
134	total_wait_time	15591.2	596.8044570879141
135	fitness	0.4064891365290685	0.030236472605583712
135	global_fitness	0.3346646396454431	N/A
135	arrived_vehicles	383.5	3.8535697735995385
135	non_arrived_vehicles	16.5	3.8535697735995385
135	total_trip_time	35691.8	1299.3304275664448
135	total_wait_time	15771.1	1183.6973810902853
136	fitness	0.39735356242645603	0.023889141115919093
136	global_fitness	0.3346646396454431	N/A
136	arrived_vehicles	385.0	4.2895221179054435
136	non_arrived_vehicles	15.0	4.2895221179054435
136	total_trip_time	35775.8	721.0124548161424
136	total_wait_time	15554.5	550.6075280996438
137	fitness	0.4094543809539912	0.024671858615512507
137	global_fitness	0.3346646396454431	N/A
137	arrived_vehicles	383.2	2.9257477676655586
137	non_arrived_vehicles	16.8	2.9257477676655586
137	total_trip_time	35834.5	1108.455073514484
137	total_wait_time	15847.4	965.4030453649916
138	fitness	0.40937381432957676	0.024099285043467165
138	global_fitness	0.3346646396454431	N/A
138	arrived_vehicles	383.3	3.7960505792204615
138	non_arrived_vehicles	16.7	3.7960505792204615
138	total_trip_time	35867.4	580.7650471576264
138	total_wait_time	15866.2	680.1859745687204
139	fitness	0.4240900450746864	0.06590754945068307
139	global_fitness	0.3346646396454431	N/A
139	arrived_vehicles	381.5	10.259142264341596
139	non_arrived_vehicles	18.5	10.259142264341596
139	total_trip_time	35903.9	931.7899387737559
139	total_wait_time	16111.6	1126.8119807669777
140	fitness	0.41193969469858427	0.04603647759613286
140	global_fitness	0.3346646396454431	N/A
140	arrived_vehicles	384.0	7.155417527999327
140	non_arrived_vehicles	16.0	7.155417527999327
140	total_trip_time	36311.9	858.695341783103
140	total_wait_time	16206.1	1065.8332374250672
141	fitness	0.42757149588908544	0.04319789110524784
141	global_fitness	0.3346646396454431	N/A
141	arrived_vehicles	380.7	7.280796659706959
141	non_arrived_vehicles	19.3	7.280796659706959
141	total_trip_time	35757.1	926.0201347702975
141	total_wait_time	16351.2	784.417465384345
142	fitness	0.42081698935871953	0.022408968486048383
142	global_fitness	0.3346646396454431	N/A
142	arrived_vehicles	381.7	3.0675723300355937
142	non_arrived_vehicles	18.3	3.0675723300355937
142	total_trip_time	35987.1	649.4235058881069
142	total_wait_time	16128.5	639.6869937711724
143	fitness	0.4131270194690109	0.018099447308445916
143	global_fitness	0.3346646396454431	N/A
143	arrived_vehicles	382.4	3.168595903550972
143	non_arrived_vehicles	17.6	3.168595903550972
143	total_trip_time	35697.1	440.1802926074724
143	total_wait_time	15876.0	390.1089591383412
144	fitness	0.4212233192676411	0.0367516444992921
144	global_fitness	0.3346646396454431	N/A
144	arrived_vehicles	381.1	6.1065538563088095
144	non_arrived_vehicles	18.9	6.1065538563088095
144	total_trip_time	35580.9	643.484646281479
144	total_wait_time	15995.6	659.5087869012816
145	fitness	0.4109369279067149	0.022232259811924376
145	global_fitness	0.3346646396454431	N/A
145	arrived_vehicles	382.9	2.947880594596735
145	non_arrived_vehicles	17.1	2.947880594596735
145	total_trip_time	35785.9	853.3925767195306
145	total_wait_time	15872.7	847.6108836016678
146	fitness	0.3985671124713891	0.035968095210652924
146	global_fitness	0.3346646396454431	N/A
146	arrived_vehicles	384.8	5.546169849544818
146	non_arrived_vehicles	15.2	5.546169849544818
146	total_trip_time	35683.5	365.5757787381434
146	total_wait_time	15593.8	789.9469349266442
147	fitness	0.40745654688808075	0.021450551245306575
147	global_fitness	0.3346646396454431	N/A
147	arrived_vehicles	384.2	3.059411708155671
147	non_arrived_vehicles	15.8	3.059411708155671
147	total_trip_time	36182.4	424.9776935322606
147	total_wait_time	16016.7	544.0277658355316
148	fitness	0.3868045725270945	0.019872413094751448
148	global_fitness	0.3346646396454431	N/A
148	arrived_vehicles	387.5	2.9748949561287032
148	non_arrived_vehicles	12.5	2.9748949561287032
148	total_trip_time	36123.6	684.4967786629825
148	total_wait_time	15669.2	631.1074076573655
149	fitness	0.38405011659923577	0.031085870566978233
149	global_fitness	0.3346646396454431	N/A
149	arrived_vehicles	386.8	4.3999999999999995
149	non_arrived_vehicles	13.2	4.3999999999999995
149	total_trip_time	35566.2	795.6017596762842
149	total_wait_time	15201.7	967.9484542061111
150	fitness	0.4113959342416692	0.02731851578797123
150	global_fitness	0.3346646396454431	N/A
150	arrived_vehicles	384.1	3.806573262134856
150	non_arrived_vehicles	15.9	3.8065732621348563
150	total_trip_time	36473.5	569.7527972726417
150	total_wait_time	16199.6	718.1422143280536
151	fitness	0.4069432126211926	0.0327688534217131
151	global_fitness	0.3346646396454431	N/A
151	arrived_vehicles	384.2	4.874423042781576
151	non_arrived_vehicles	15.8	4.874423042781576
151	total_trip_time	36098.6	534.0064044559765
151	total_wait_time	15959.4	821.6393612771968
152	fitness	0.4071095176017268	0.040766875625190574
152	global_fitness	0.3346646396454431	N/A
152	arrived_vehicles	383.5	6.591661399070799
152	non_arrived_vehicles	16.5	6.591661399070799
152	total_trip_time	35699.0	806.6611432317785
152	total_wait_time	15742.6	812.3711220864514
153	fitness	0.40496079568408117	0.0328990812678704
153	global_fitness	0.3346646396454431	N/A
153	arrived_vehicles	384.6	4.882622246293481
153	non_arrived_vehicles	15.4	4.882622246293481
153	total_trip_time	36167.6	779.581323532061
153	total_wait_time	15924.8	935.7937593294797
154	fitness	0.4257544987595382	0.04174715098252086
154	global_fitness	0.3346646396454431	N/A
154	arrived_vehicles	380.2	6.939740629158989
154	non_arrived_vehicles	19.8	6.9397406291589885
154	total_trip_time	35467.5	785.5995481159597
154	total_wait_time	15980.5	729.2168744619121
155	fitness	0.42283273079054695	0.0795729622108318
155	global_fitness	0.3346646396454431	N/A
155	arrived_vehicles	381.1	12.549501982150526
155	non_arrived_vehicles	18.9	12.549501982150527
155	total_trip_time	35377.6	1438.9453915976103
155	total_wait_time	15916.7	1230.6907044420218
156	fitness	0.41727375092897045	0.02721640109636806
156	global_fitness	0.3346646396454431	N/A
156	arrived_vehicles	382.4	3.7735924528226414
156	non_arrived_vehicles	17.6	3.7735924528226414
156	total_trip_time	36045.3	908.3064515899907
156	total_wait_time	16107.0	924.2456383451317
157	fitness	0.4055770804169196	0.01696835909398212
157	global_fitness	0.3346646396454431	N/A
157	arrived_vehicles	384.3	2.5317977802344322
157	non_arrived_vehicles	15.7	2.5317977802344327
157	total_trip_time	36047.9	949.8372965934747
157	total_wait_time	15977.5	693.9928313750798
158	fitness	0.3986394232804564	0.02729971800179062
158	global_fitness	0.3346646396454431	N/A
158	arrived_vehicles	385.8	4.556314299957807
158	non_arrived_vehicles	14.2	4.556314299957807
158	total_trip_time	36234.7	406.29645580536385
158	total_wait_time	15913.3	578.4123183335569
159	fitness	0.39213280004475903	0.028517796178737048
159	global_fitness	0.3346646396454431	N/A
159	arrived_vehicles	386.0	3.8987177379235853
159	non_arrived_vehicles	14.0	3.8987177379235853
159	total_trip_time	35840.5	992.5125943785298
159	total_wait_time	15514.3	980.375443388909
160	fitness	0.41074872807117846	0.030061464811461693
160	global_fitness	0.3346646396454431	N/A
160	arrived_vehicles	383.4	4.586937976471886
160	non_arrived_vehicles	16.6	4.586937976471886
160	total_trip_time	36021.8	1086.7614089578262
160	total_wait_time	15969.9	951.1467236972434
161	fitness	0.39751067747377855	0.02195861526815818
161	global_fitness	0.3346646396454431	N/A
161	arrived_vehicles	385.3	3.348133808556641
161	non_arrived_vehicles	14.7	3.3481338085566414
161	total_trip_time	35863.3	808.117324402837
161	total_wait_time	15753.3	723.9657519523972
162	fitness	0.40355119722613464	0.027116549521613863
162	global_fitness	0.3346646396454431	N/A
162	arrived_vehicles	384.0	4.58257569495584
162	non_arrived_vehicles	16.0	4.58257569495584
162	total_trip_time	35704.7	593.2970672437207
162	total_wait_time	15717.5	590.5230308802528
163	fitness	0.40437669996142445	0.01802359271637855
163	global_fitness	0.3346646396454431	N/A
163	arrived_vehicles	384.5	2.247220505424423
163	non_arrived_vehicles	15.5	2.247220505424423
163	total_trip_time	36110.5	779.1160696584303
163	total_wait_time	15897.6	667.3712909617855
164	fitness	0.38835604725371636	0.015523588547121043
164	global_fitness	0.3346646396454431	N/A
164	arrived_vehicles	386.3	2.5317977802344322
164	non_arrived_vehicles	13.7	2.5317977802344322
164	total_trip_time	35734.3	533.4028590099607
164	total_wait_time	15344.3	512.4236626074171
165	fitness	0.4017666250643024	0.023756544669545073
165	global_fitness	0.3346646396454431	N/A
165	arrived_vehicles	383.8	3.789459064299283
165	non_arrived_vehicles	16.2	3.789459064299283
165	total_trip_time	35489.5	528.1271153803789
165	total_wait_time	15530.5	556.5950502834174
166	fitness	0.3982815746903384	0.027124736855377925
166	global_fitness	0.3346646396454431	N/A
166	arrived_vehicles	385.6	4.054626986542658
166	non_arrived_vehicles	14.4	4.054626986542659
166	total_trip_time	36119.0	581.1263201748825
166	total_wait_time	15825.1	718.3317409108413
167	fitness	0.3889563039232292	0.012343739496815857
167	global_fitness	0.3346646396454431	N/A
167	arrived_vehicles	385.9	2.1656407827707715
167	non_arrived_vehicles	14.1	2.1656407827707715
167	total_trip_time	35530.8	415.56607176236133
167	total_wait_time	15325.1	402.1244707798818
168	fitness	0.40467630564338436	0.02696007748477749
168	global_fitness	0.3346646396454431	N/A
168	arrived_vehicles	383.9	2.9137604568666933
168	non_arrived_vehicles	16.1	2.9137604568666933
168	total_trip_time	35780.3	892.0022477550154
168	total_wait_time	15756.8	1023.6771756760038
169	fitness	0.39496908602657466	0.024472261612106402
169	global_fitness	0.3346646396454431	N/A
169	arrived_vehicles	384.9	3.5341194094144583
169	non_arrived_vehicles	15.1	3.5341194094144583
169	total_trip_time	35471.3	660.3764153874666
169	total_wait_time	15434.7	719.743433453894
170	fitness	0.4037666881523256	0.02269812637530968
170	global_fitness	0.3346646396454431	N/A
170	arrived_vehicles	385.1	3.3896902513356584
170	non_arrived_vehicles	14.9	3.3896902513356584
170	total_trip_time	36299.9	744.6374218369635
170	total_wait_time	16080.0	716.9485337177279
171	fitness	0.3979406992133282	0.0253535007358054
171	global_fitness	0.3346646396454431	N/A
171	arrived_vehicles	385.5	4.801041553663121
171	non_arrived_vehicles	14.5	4.801041553663121
171	total_trip_time	36026.9	1063.4038226374776
171	total_wait_time	15784.7	708.762872898969
172	fitness	0.3922077677944831	0.03164415896296903
172	global_fitness	0.3346646396454431	N/A
172	arrived_vehicles	385.4	4.715930449020639
172	non_arrived_vehicles	14.6	4.715930449020639
172	total_trip_time	35477.9	1005.1083971393334
172	total_wait_time	15380.8	968.246848690973
173	fitness	0.39939020684701915	0.030854626148529515
173	global_fitness	0.3346646396454431	N/A
173	arrived_vehicles	384.7	4.495553358597805
173	non_arrived_vehicles	15.3	4.495553358597805
173	total_trip_time	35786.3	624.9190427567398
173	total_wait_time	15575.7	853.2111168989771
174	fitness	0.39978886353476384	0.02636716664480303
174	global_fitness	0.3346646396454431	N/A
174	arrived_vehicles	385.2	4.019950248448356
174	non_arrived_vehicles	14.8	4.019950248448356
174	total_trip_time	36017.2	1157.372783505816
174	total_wait_time	15839.0	981.8564049798728
175	fitness	0.40444466289926406	0.030458763225430674
175	global_fitness	0.3346646396454431	N/A
175	arrived_vehicles	383.7	5.000999900019995
175	non_arrived_vehicles	16.3	5.000999900019995
175	total_trip_time	35636.3	787.5714634241136
175	total_wait_time	15656.9	637.5975925299593
176	fitness	0.39916572434413994	0.021137523423239164
176	global_fitness	0.3346646396454431	N/A
176	arrived_vehicles	384.0	2.756809750418044
176	non_arrived_vehicles	16.0	2.756809750418044
176	total_trip_time	35417.7	763.4043555023773
176	total_wait_time	15404.4	746.3704442165432
177	fitness	0.406008934271474	0.03595833771411786
177	global_fitness	0.3346646396454431	N/A
177	arrived_vehicles	383.9	5.243090691567332
177	non_arrived_vehicles	16.1	5.243090691567332
177	total_trip_time	35881.4	670.9775257041028
177	total_wait_time	15777.3	1032.4384775859528
178	fitness	0.39366543176357627	0.024226603090432983
178	global_fitness	0.3346646396454431	N/A
178	arrived_vehicles	385.1	4.657252408878007
178	non_arrived_vehicles	14.9	4.657252408878007
178	total_trip_time	35565.2	989.0271785952093
178	total_wait_time	15295.3	622.643886985169
179	fitness	0.41005654851129547	0.032368654914325654
179	global_fitness	0.3346646396454431	N/A
179	arrived_vehicles	383.5	4.522167621838006
179	non_arrived_vehicles	16.5	4.522167621838006
179	total_trip_time	36000.2	1035.3432087960011
179	total_wait_time	15962.2	1015.4973953683977
180	fitness	0.39032334965293247	0.02207327470107993
180	global_fitness	0.3346646396454431	N/A
180	arrived_vehicles	386.0	3.286335345030997
180	non_arrived_vehicles	14.0	3.286335345030997
180	total_trip_time	35699.5	921.7178798309166
180	total_wait_time	15411.7	719.9594502470261
181	fitness	0.4027677587616621	0.019913501100798217
181	global_fitness	0.3346646396454431	N/A
181	arrived_vehicles	384.3	3.0016662039607267
181	non_arrived_vehicles	15.7	3.001666203960727
181	total_trip_time	35835.1	524.8894073993112
181	total_wait_time	15758.6	563.794678939062
182	fitness	0.4020022293707825	0.016556893829392103
182	global_fitness	0.3346646396454431	N/A
182	arrived_vehicles	384.5	2.7294688127912363
182	non_arrived_vehicles	15.5	2.7294688127912363
182	total_trip_time	35855.8	622.1129800928445
182	total_wait_time	15798.3	538.9744057003078
183	fitness	0.4013703461631639	0.025194176307493852
183	global_fitness	0.3346646396454431	N/A
183	arrived_vehicles	384.3	3.5227829907617076
183	non_arrived_vehicles	15.7	3.5227829907617076
183	total_trip_time	35721.9	748.4157200380014
183	total_wait_time	15646.2	819.3564303769149
184	fitness	0.3903679580927101	0.0246138060048034
184	global_fitness	0.3346646396454431	N/A
184	arrived_vehicles	386.1	3.5341194094144583
184	non_arrived_vehicles	13.9	3.5341194094144583
184	total_trip_time	35754.5	457.87449153670923
184	total_wait_time	15427.9	639.9494433156419
185	fitness	0.4018924312047581	0.040255256693001625
185	global_fitness	0.3346646396454431	N/A
185	arrived_vehicles	384.7	5.478138369920935
185	non_arrived_vehicles	15.3	5.478138369920935
185	total_trip_time	35952.0	749.4622071859261
185	total_wait_time	15722.9	1085.4721967881076
186	fitness	0.41396741434802076	0.04983914326440438
186	global_fitness	0.3346646396454431	N/A
186	arrived_vehicles	382.7	8.556284240252891
186	non_arrived_vehicles	17.3	8.556284240252891
186	total_trip_time	35763.6	1156.6955692834654
186	total_wait_time	15931.5	748.7624790278958
187	fitness	0.40307126467084853	0.03804009421519055
187	global_fitness	0.3346646396454431	N/A
187	arrived_vehicles	385.2	6.660330322138686
187	non_arrived_vehicles	14.8	6.660330322138685
187	total_trip_time	36296.8	711.4938931572076
187	total_wait_time	15939.2	689.7996520729769
188	fitness	0.42433341478331627	0.07033082515406924
188	global_fitness	0.3346646396454431	N/A
188	arrived_vehicles	380.4	10.031948963187562
188	non_arrived_vehicles	19.4	9.467840302835699
188	total_trip_time	35275.0	941.0528146708876
188	total_wait_time	15955.1	1520.5421697539334
189	fitness	0.4174277218527114	0.061579292419281284
189	global_fitness	0.3346646396454431	N/A
189	arrived_vehicles	382.6	9.210863151735564
189	non_arrived_vehicles	17.4	9.210863151735564
189	total_trip_time	35953.2	997.2930161191343
189	total_wait_time	16069.9	1252.3789721965152
190	fitness	0.39814490750193027	0.01810821348367772
190	global_fitness	0.3346646396454431	N/A
190	arrived_vehicles	384.2	3.249615361854384
190	non_arrived_vehicles	15.8	3.249615361854384
190	total_trip_time	35429.8	650.0150459797065
190	total_wait_time	15402.7	497.1734204480364
191	fitness	0.3884829016760673	0.02922472415805047
191	global_fitness	0.3346646396454431	N/A
191	arrived_vehicles	386.3	4.124318125460256
191	non_arrived_vehicles	13.7	4.124318125460256
191	total_trip_time	35654.1	713.8122232071961
191	total_wait_time	15386.6	906.4002647837212
192	fitness	0.4074163035798305	0.030023544385566224
192	global_fitness	0.3346646396454431	N/A
192	arrived_vehicles	384.1	3.935733730830885
192	non_arrived_vehicles	15.9	3.9357337308308855
192	total_trip_time	36059.9	805.1510976208131
192	total_wait_time	16018.4	1001.0227969432065
193	fitness	0.39018276238361616	0.024752277036080076
193	global_fitness	0.3346646396454431	N/A
193	arrived_vehicles	385.9	4.182104733265296
193	non_arrived_vehicles	14.1	4.182104733265297
193	total_trip_time	35632.5	514.009192524803
193	total_wait_time	15352.3	580.861610024281
194	fitness	0.3975400709523663	0.034916221771863924
194	global_fitness	0.3346646396454431	N/A
194	arrived_vehicles	385.1	5.906775770248943
194	non_arrived_vehicles	14.9	5.906775770248943
194	total_trip_time	35777.6	1126.047086049247
194	total_wait_time	15594.9	978.4923556165372
195	fitness	0.41526431289876553	0.034388313799067594
195	global_fitness	0.3346646396454431	N/A
195	arrived_vehicles	382.0	4.494441010848846
195	non_arrived_vehicles	18.0	4.494441010848846
195	total_trip_time	35608.2	746.3870041741081
195	total_wait_time	15883.1	1067.4006230089994
196	fitness	0.4049016922576457	0.028381350436843065
196	global_fitness	0.3346646396454431	N/A
196	arrived_vehicles	383.9	4.678675026115834
196	non_arrived_vehicles	16.1	4.678675026115834
196	total_trip_time	35751.9	528.2831532426526
196	total_wait_time	15781.7	612.610161521991
197	fitness	0.4065930720339751	0.032046934883489614
197	global_fitness	0.3346646396454431	N/A
197	arrived_vehicles	384.6	5.4808758424178885
197	non_arrived_vehicles	15.4	5.4808758424178885
197	total_trip_time	36200.8	467.4637526054828
197	total_wait_time	16119.8	590.660951815845
198	fitness	0.40350185632409596	0.01853295805948429
198	global_fitness	0.3346646396454431	N/A
198	arrived_vehicles	383.8	3.655133376499413
198	non_arrived_vehicles	16.2	3.655133376499413
198	total_trip_time	35703.1	691.7427917947537
198	total_wait_time	15590.1	393.39813166816134
199	fitness	0.4084308653043892	0.026728182963151804
199	global_fitness	0.3346646396454431	N/A
199	arrived_vehicles	384.1	3.8845849199110063
199	non_arrived_vehicles	15.9	3.8845849199110067
199	total_trip_time	36204.1	868.823048727415
199	total_wait_time	16035.8	852.4353113286661
200	fitness	0.3972007266586074	0.026904382389891745
200	global_fitness	0.3346646396454431	N/A
200	arrived_vehicles	385.1	3.7536648758246915
200	non_arrived_vehicles	14.9	3.753664875824692
200	total_trip_time	35836.5	924.3705155401701
200	total_wait_time	15554.5	861.6099175380933
201	fitness	0.39124992809351866	0.021481738064452742
201	global_fitness	0.3346646396454431	N/A
201	arrived_vehicles	385.3	3.287856444554719
201	non_arrived_vehicles	14.7	3.2878564445547194
201	total_trip_time	35391.5	1035.9175884210094
201	total_wait_time	15301.7	883.213116976871
202	fitness	0.38663744455854526	0.022268242224319185
202	global_fitness	0.3346646396454431	N/A
202	arrived_vehicles	386.8	3.3105890714493698
202	non_arrived_vehicles	13.2	3.3105890714493698
202	total_trip_time	35796.1	681.7450329852063
202	total_wait_time	15402.0	756.313559312538
203	fitness	0.3945399969645543	0.020593498239326796
203	global_fitness	0.3346646396454431	N/A
203	arrived_vehicles	385.1	4.0853396431631
203	non_arrived_vehicles	14.9	4.0853396431631
203	total_trip_time	35542.5	697.416984307093
203	total_wait_time	15463.2	474.561861088731
204	fitness	0.40165015127147424	0.026674259836355768
204	global_fitness	0.3346646396454431	N/A
204	arrived_vehicles	384.4	3.746998799039039
204	non_arrived_vehicles	15.6	3.7469987990390394
204	total_trip_time	35782.1	702.8434320671994
204	total_wait_time	15699.9	820.2890283308683
205	fitness	0.39953772156473966	0.025703532416250063
205	global_fitness	0.3346646396454431	N/A
205	arrived_vehicles	385.5	4.104875150354759
205	non_arrived_vehicles	14.5	4.104875150354759
205	total_trip_time	36217.4	1131.7597978369793
205	total_wait_time	15845.3	899.7109591418791
206	fitness	0.414710114673934	0.023561850591571128
206	global_fitness	0.3346646396454431	N/A
206	arrived_vehicles	382.1	4.060788100849391
206	non_arrived_vehicles	17.9	4.060788100849391
206	total_trip_time	35654.3	822.2728318508401
206	total_wait_time	15883.8	702.6691682434914
207	fitness	0.39987454497695646	0.026115079868110923
207	global_fitness	0.3346646396454431	N/A
207	arrived_vehicles	384.2	3.6
207	non_arrived_vehicles	15.8	3.6000000000000005
207	total_trip_time	35529.5	845.0290231702104
207	total_wait_time	15534.8	885.7009427566395
208	fitness	0.40386176389608097	0.021593142897825067
208	global_fitness	0.3346646396454431	N/A
208	arrived_vehicles	384.5	2.29128784747792
208	non_arrived_vehicles	15.5	2.29128784747792
208	total_trip_time	36034.9	1216.3106058897947
208	total_wait_time	15896.8	1054.542061750028
209	fitness	0.4207428576899644	0.045973113435794646
209	global_fitness	0.3346646396454431	N/A
209	arrived_vehicles	381.4	7.323933369440221
209	non_arrived_vehicles	18.6	7.323933369440222
209	total_trip_time	35671.1	764.2807664726361
209	total_wait_time	16006.2	851.5158013801035
210	fitness	0.39763003130115676	0.024669995622373313
210	global_fitness	0.3346646396454431	N/A
210	arrived_vehicles	386.1	4.158124577258358
210	non_arrived_vehicles	13.9	4.158124577258358
210	total_trip_time	36385.4	668.1325018287914
210	total_wait_time	15872.4	663.7626382977578
211	fitness	0.4074006631444983	0.050166657528256296
211	global_fitness	0.3346646396454431	N/A
211	arrived_vehicles	382.7	8.379140767405689
211	non_arrived_vehicles	17.3	8.379140767405689
211	total_trip_time	35205.4	1101.8502802105193
211	total_wait_time	15529.9	915.3722139108222
212	fitness	0.4009960424813731	0.03295891106469526
212	global_fitness	0.3346646396454431	N/A
212	arrived_vehicles	384.3	4.980963762164908
212	non_arrived_vehicles	15.7	4.980963762164909
212	total_trip_time	35658.0	723.6912325018177
212	total_wait_time	15602.6	783.0200763709703
213	fitness	0.4153991771121645	0.027629493131594837
213	global_fitness	0.3346646396454431	N/A
213	arrived_vehicles	382.8	3.867815921162743
213	non_arrived_vehicles	17.2	3.8678159211627436
213	total_trip_time	36064.2	906.5647025998751
213	total_wait_time	16138.1	876.0467396206665
214	fitness	0.42004795003834694	0.054536137154770604
214	global_fitness	0.3346646396454431	N/A
214	arrived_vehicles	382.1	9.071383576941281
214	non_arrived_vehicles	17.9	9.071383576941281
214	total_trip_time	35839.4	913.4510605390964
214	total_wait_time	16201.0	882.7335951463499
215	fitness	0.4077216649138878	0.03824893772455235
215	global_fitness	0.3346646396454431	N/A
215	arrived_vehicles	384.0	5.440588203494177
215	non_arrived_vehicles	16.0	5.440588203494177
215	total_trip_time	36055.1	1012.6019405472222
215	total_wait_time	15925.5	1080.7105301605977
216	fitness	0.39609426675012827	0.01874009032885103
216	global_fitness	0.3346646396454431	N/A
216	arrived_vehicles	386.2	2.5612496949731396
216	non_arrived_vehicles	13.8	2.5612496949731396
216	total_trip_time	36313.7	645.7035000679491
216	total_wait_time	15833.0	683.1405419092033
217	fitness	0.38863954256887245	0.01998740856349442
217	global_fitness	0.3346646396454431	N/A
217	arrived_vehicles	387.1	3.6728735344413916
217	non_arrived_vehicles	12.9	3.6728735344413916
217	total_trip_time	36166.7	864.5136262662376
217	total_wait_time	15574.5	654.3977765854648
218	fitness	0.4054295158342702	0.02179529964786256
218	global_fitness	0.3346646396454431	N/A
218	arrived_vehicles	384.4	2.939387691339814
218	non_arrived_vehicles	15.6	2.9393876913398134
218	total_trip_time	36099.5	832.279189935685
218	total_wait_time	15968.5	838.5746538025103
219	fitness	0.3977106029557424	0.02971793952013347
219	global_fitness	0.3346646396454431	N/A
219	arrived_vehicles	384.9	4.011234224026316
219	non_arrived_vehicles	15.1	4.011234224026316
219	total_trip_time	35768.7	596.7912616652493
219	total_wait_time	15518.4	857.3400958779426
220	fitness	0.4026325584995408	0.02034865821515155
220	global_fitness	0.3346646396454431	N/A
220	arrived_vehicles	384.5	3.263433774416144
220	non_arrived_vehicles	15.5	3.263433774416144
220	total_trip_time	35922.6	638.5413377378162
220	total_wait_time	15810.2	656.3864410543533
221	fitness	0.4083811037880847	0.02192714856313944
221	global_fitness	0.3346646396454431	N/A
221	arrived_vehicles	383.5	3.4713109915419564
221	non_arrived_vehicles	16.5	3.4713109915419564
221	total_trip_time	35822.8	700.0052571231162
221	total_wait_time	15940.0	602.528671516966
222	fitness	0.41140784682556114	0.014519047344158832
222	global_fitness	0.3346646396454431	N/A
222	arrived_vehicles	384.2	1.8867962264113207
222	non_arrived_vehicles	15.8	1.8867962264113207
222	total_trip_time	36551.0	616.843253995697
222	total_wait_time	16259.9	524.497178257424
223	fitness	0.3988085633781796	0.023861845296850953
223	global_fitness	0.3346646396454431	N/A
223	arrived_vehicles	385.0	3.521363372331802
223	non_arrived_vehicles	15.0	3.521363372331802
223	total_trip_time	35877.9	796.8690544876241
223	total_wait_time	15680.8	738.634523969737
224	fitness	0.4060272503909932	0.027676048167229402
224	global_fitness	0.3346646396454431	N/A
224	arrived_vehicles	384.1	4.085339643163099
224	non_arrived_vehicles	15.9	4.0853396431631
224	total_trip_time	35979.6	821.4684656150838
224	total_wait_time	15899.4	802.5235448259447
225	fitness	0.4115400920147906	0.0379779796655566
225	global_fitness	0.3346646396454431	N/A
225	arrived_vehicles	384.0	5.639148871948674
225	non_arrived_vehicles	16.0	5.639148871948674
225	total_trip_time	36367.8	930.753006978758
225	total_wait_time	16171.5	1037.292750384384
226	fitness	0.3847553104444089	0.02984326907278014
226	global_fitness	0.3346646396454431	N/A
226	arrived_vehicles	386.9	4.27668095606862
226	non_arrived_vehicles	13.1	4.27668095606862
226	total_trip_time	35659.9	681.72259020807
226	total_wait_time	15297.0	954.2867493578647
227	fitness	0.4165346114057347	0.05638643584628095
227	global_fitness	0.3346646396454431	N/A
227	arrived_vehicles	382.2	7.896834808959853
227	non_arrived_vehicles	17.8	7.896834808959853
227	total_trip_time	35685.5	753.4510269420302
227	total_wait_time	15957.1	1278.286388099318
228	fitness	0.3816574983983204	0.028251877053938872
228	global_fitness	0.3346646396454431	N/A
228	arrived_vehicles	388.0	4.427188724235731
228	non_arrived_vehicles	12.0	4.427188724235731
228	total_trip_time	35970.9	493.6100586495376
228	total_wait_time	15397.5	725.7669391753802
229	fitness	0.41037404221903157	0.02817947410100573
229	global_fitness	0.3346646396454431	N/A
229	arrived_vehicles	383.7	4.124318125460256
229	non_arrived_vehicles	16.3	4.124318125460256
229	total_trip_time	36141.7	911.6706697048007
229	total_wait_time	16050.3	827.3965252525538
230	fitness	0.39440770613888265	0.016288621749112293
230	global_fitness	0.3346646396454431	N/A
230	arrived_vehicles	386.2	2.181742422927143
230	non_arrived_vehicles	13.8	2.181742422927143
230	total_trip_time	36192.5	499.95984838784807
230	total_wait_time	15709.8	535.2666251504945
231	fitness	0.4188658252278542	0.036639582146027305
231	global_fitness	0.3346646396454431	N/A
231	arrived_vehicles	381.9	5.185556864985669
231	non_arrived_vehicles	18.1	5.18555686498567
231	total_trip_time	35861.0	738.8265019610491
231	total_wait_time	16049.6	919.2162096046827
232	fitness	0.4142279850354001	0.05210830409573416
232	global_fitness	0.3346646396454431	N/A
232	arrived_vehicles	383.3	8.93364427319557
232	non_arrived_vehicles	16.7	8.93364427319557
232	total_trip_time	36106.3	1131.9404622152174
232	total_wait_time	16090.3	658.3673822418605
233	fitness	0.3888323669606019	0.028028713445308672
233	global_fitness	0.3346646396454431	N/A
233	arrived_vehicles	386.7	3.4942810419312296
233	non_arrived_vehicles	13.3	3.4942810419312296
233	total_trip_time	35866.2	696.7960677271365
233	total_wait_time	15559.9	969.289992726635
234	fitness	0.40679011747880656	0.0414328797425698
234	global_fitness	0.3346646396454431	N/A
234	arrived_vehicles	383.7	6.116371473349211
234	non_arrived_vehicles	16.3	6.116371473349211
234	total_trip_time	35779.9	676.1871708336383
234	total_wait_time	15785.5	989.0924375405971
235	fitness	0.4025712005664784	0.022331174783798577
235	global_fitness	0.3346646396454431	N/A
235	arrived_vehicles	384.5	2.7294688127912363
235	non_arrived_vehicles	15.5	2.7294688127912363
235	total_trip_time	35872.1	979.1388512361258
235	total_wait_time	15857.8	879.688558525118
236	fitness	0.41313064808632627	0.04516300325468093
236	global_fitness	0.3346646396454431	N/A
236	arrived_vehicles	382.1	7.4357245780085215
236	non_arrived_vehicles	17.8	7.152621896899067
236	total_trip_time	35422.3	745.2080313576874
236	total_wait_time	15768.6	843.2651065945987
237	fitness	0.4150580685277673	0.02455950072265954
237	global_fitness	0.3346646396454431	N/A
237	arrived_vehicles	383.3	4.495553358597804
237	non_arrived_vehicles	16.7	4.495553358597805
237	total_trip_time	36301.9	683.0704868459769
237	total_wait_time	16255.0	529.1427028694623
238	fitness	0.42260292279028916	0.04448001809324982
238	global_fitness	0.3346646396454431	N/A
238	arrived_vehicles	381.3	6.928924880528004
238	non_arrived_vehicles	18.7	6.928924880528003
238	total_trip_time	35815.1	889.8440818480505
238	total_wait_time	16071.9	971.7835612933571
239	fitness	0.41133641211486427	0.020948455721686063
239	global_fitness	0.3346646396454431	N/A
239	arrived_vehicles	383.9	3.5623026261113755
239	non_arrived_vehicles	16.1	3.5623026261113755
239	total_trip_time	36304.5	549.8169240756417
239	total_wait_time	16218.2	463.2670504147689
240	fitness	0.40080218981910604	0.014284468648023204
240	global_fitness	0.3346646396454431	N/A
240	arrived_vehicles	384.2	2.181742422927143
240	non_arrived_vehicles	15.8	2.181742422927143
240	total_trip_time	35712.7	766.880310087565
240	total_wait_time	15533.5	677.490848646681
241	fitness	0.4043404660743229	0.04581753554313726
241	global_fitness	0.3346646396454431	N/A
241	arrived_vehicles	383.9	7.2034713853808015
241	non_arrived_vehicles	16.1	7.2034713853808015
241	total_trip_time	35695.3	641.7287666919724
241	total_wait_time	15619.0	896.445313446392
242	fitness	0.4170032150625224	0.03837031696000652
242	global_fitness	0.3346646396454431	N/A
242	arrived_vehicles	382.0	7.362064927722384
242	non_arrived_vehicles	18.0	7.362064927722384
242	total_trip_time	35756.5	1067.7779029367482
242	total_wait_time	15906.2	463.43215253152215
243	fitness	0.4062231799525735	0.03353012869231578
243	global_fitness	0.3346646396454431	N/A
243	arrived_vehicles	384.2	4.331281565541543
243	non_arrived_vehicles	15.8	4.331281565541543
243	total_trip_time	36072.7	761.0626846719
243	total_wait_time	15889.3	1021.974368563126
244	fitness	0.393336380849903	0.02990656065131247
244	global_fitness	0.3346646396454431	N/A
244	arrived_vehicles	385.7	3.796050579220461
244	non_arrived_vehicles	14.3	3.7960505792204615
244	total_trip_time	35789.0	624.3483002299278
244	total_wait_time	15495.6	922.6766714293799
245	fitness	0.38645910306977876	0.02866446149009486
245	global_fitness	0.3346646396454431	N/A
245	arrived_vehicles	387.1	3.7536648758246915
245	non_arrived_vehicles	12.9	3.753664875824692
245	total_trip_time	35872.2	987.158224399716
245	total_wait_time	15516.5	1044.0443716624309
246	fitness	0.41095381732759384	0.028392653086980503
246	global_fitness	0.3346646396454431	N/A
246	arrived_vehicles	382.9	5.3188344587888805
246	non_arrived_vehicles	17.1	5.3188344587888805
246	total_trip_time	35759.0	1024.3767861485344
246	total_wait_time	15845.5	665.3001202464944
247	fitness	0.40198757459411744	0.025465681992684324
247	global_fitness	0.3346646396454431	N/A
247	arrived_vehicles	384.1	4.3
247	non_arrived_vehicles	15.9	4.3
247	total_trip_time	35683.9	928.2262062665545
247	total_wait_time	15603.5	758.6012457147694
248	fitness	0.40928055182001843	0.031552940331671775
248	global_fitness	0.3346646396454431	N/A
248	arrived_vehicles	383.7	4.62709412050371
248	non_arrived_vehicles	16.3	4.62709412050371
248	total_trip_time	36060.9	699.6982849771749
248	total_wait_time	15947.3	842.3003086785616
249	fitness	0.4174680745148138	0.01687758008381994
249	global_fitness	0.3346646396454431	N/A
249	arrived_vehicles	382.5	3.0083217912982647
249	non_arrived_vehicles	17.5	3.0083217912982647
249	total_trip_time	36130.3	461.4646356981215
249	total_wait_time	16164.6	398.03698320633475
250	fitness	0.39916408413196924	0.03383914049713832
250	global_fitness	0.3346646396454431	N/A
250	arrived_vehicles	384.9	5.412023651093923
250	non_arrived_vehicles	15.1	5.412023651093923
250	total_trip_time	35780.2	754.4497067399523
250	total_wait_time	15681.9	821.9757234857974
251	fitness	0.4203163075943491	0.04831943299369498
251	global_fitness	0.3346646396454431	N/A
251	arrived_vehicles	381.6	6.931089380465383
251	non_arrived_vehicles	18.4	6.931089380465383
251	total_trip_time	35710.3	713.0468497931955
251	total_wait_time	16067.7	1098.5218295509653
252	fitness	0.4002092455201248	0.016079908403270764
252	global_fitness	0.3346646396454431	N/A
252	arrived_vehicles	384.2	1.7776388834631178
252	non_arrived_vehicles	15.8	1.7776388834631178
252	total_trip_time	35637.6	781.6654271489816
252	total_wait_time	15520.4	707.5436664969873
253	fitness	0.41127961456077883	0.03324718036295794
253	global_fitness	0.3346646396454431	N/A
253	arrived_vehicles	382.8	4.853864439804639
253	non_arrived_vehicles	17.2	4.853864439804639
253	total_trip_time	35787.2	454.39405805974184
253	total_wait_time	15767.6	786.9356009229725
254	fitness	0.39507708392663765	0.02249712173692718
254	global_fitness	0.3346646396454431	N/A
254	arrived_vehicles	386.0	2.756809750418044
254	non_arrived_vehicles	14.0	2.756809750418044
254	total_trip_time	36072.5	571.8662868188682
254	total_wait_time	15749.0	766.9338954564467
255	fitness	0.4045747120667003	0.026029412386413202
255	global_fitness	0.3346646396454431	N/A
255	arrived_vehicles	384.8	4.214261501141095
255	non_arrived_vehicles	15.2	4.214261501141095
255	total_trip_time	36219.8	431.8059286299807
255	total_wait_time	16010.4	542.1064840047571
256	fitness	0.4034177157910307	0.019327679771235964
256	global_fitness	0.3346646396454431	N/A
256	arrived_vehicles	383.9	3.2388269481403293
256	non_arrived_vehicles	16.1	3.23882694814033
256	total_trip_time	35708.6	704.5415814556299
256	total_wait_time	15657.8	618.3522944082928
257	fitness	0.4058169356303246	0.023532850849931748
257	global_fitness	0.3346646396454431	N/A
257	arrived_vehicles	383.4	3.4985711369071804
257	non_arrived_vehicles	16.6	3.4985711369071804
257	total_trip_time	35604.7	695.4689137553165
257	total_wait_time	15695.0	744.177666958637
258	fitness	0.4043768446127225	0.03605572965775716
258	global_fitness	0.3346646396454431	N/A
258	arrived_vehicles	384.3	5.692978130996114
258	non_arrived_vehicles	15.7	5.692978130996114
258	total_trip_time	35937.8	534.046776977448
258	total_wait_time	15791.7	810.0192652029949
259	fitness	0.3863177068256128	0.018673058645563248
259	global_fitness	0.3346646396454431	N/A
259	arrived_vehicles	386.0	2.3664319132398464
259	non_arrived_vehicles	14.0	2.3664319132398464
259	total_trip_time	35396.4	877.7987468662734
259	total_wait_time	15137.1	744.4677897666224
260	fitness	0.41173511617567593	0.031034587682318777
260	global_fitness	0.3346646396454431	N/A
260	arrived_vehicles	382.4	4.841487374764082
260	non_arrived_vehicles	17.6	4.841487374764082
260	total_trip_time	35595.0	859.316123437702
260	total_wait_time	15714.0	801.729630237027
261	fitness	0.41118154905896853	0.024956538673936594
261	global_fitness	0.3346646396454431	N/A
261	arrived_vehicles	383.1	3.590264614203248
261	non_arrived_vehicles	16.9	3.5902646142032486
261	total_trip_time	35916.7	577.8935974727527
261	total_wait_time	15919.8	701.429369216887
262	fitness	0.4175213356093905	0.02437779689535281
262	global_fitness	0.3346646396454431	N/A
262	arrived_vehicles	382.5	3.8013155617496426
262	non_arrived_vehicles	17.5	3.8013155617496426
262	total_trip_time	36154.4	528.5785088328885
262	total_wait_time	16119.5	606.0886486315347
263	fitness	0.4232802513681387	0.04990535733989439
263	global_fitness	0.3346646396454431	N/A
263	arrived_vehicles	380.9	7.395268757793728
263	non_arrived_vehicles	19.1	7.39526875779373
263	total_trip_time	35544.1	807.7792334542899
263	total_wait_time	16069.7	1129.9515963084436
264	fitness	0.41022980843221274	0.023364941665638007
264	global_fitness	0.3346646396454431	N/A
264	arrived_vehicles	383.7	3.3181320046074116
264	non_arrived_vehicles	16.3	3.3181320046074116
264	total_trip_time	36134.1	735.8920369184599
264	total_wait_time	16062.4	778.0073521503508
265	fitness	0.42908505376842376	0.060919832817630096
265	global_fitness	0.3346646396454431	N/A
265	arrived_vehicles	380.7	8.752713864853575
265	non_arrived_vehicles	19.3	8.752713864853574
265	total_trip_time	35912.7	576.7665125507895
265	total_wait_time	16261.0	1245.5599543980209
266	fitness	0.4153867899659498	0.025566925113096366
266	global_fitness	0.3346646396454431	N/A
266	arrived_vehicles	382.6	3.4698703145794947
266	non_arrived_vehicles	17.4	3.4698703145794942
266	total_trip_time	35956.4	637.8092504816781
266	total_wait_time	16089.3	763.4067133579583
267	fitness	0.4004763573182989	0.027582072483301523
267	global_fitness	0.3346646396454431	N/A
267	arrived_vehicles	384.8	4.1182520563948
267	non_arrived_vehicles	15.2	4.1182520563948
267	total_trip_time	35857.8	792.2573824206373
267	total_wait_time	15766.4	805.9121788383644
268	fitness	0.39824967269557804	0.030202485046223797
268	global_fitness	0.3346646396454431	N/A
268	arrived_vehicles	383.3	4.670117771534247
268	non_arrived_vehicles	16.7	4.670117771534247
268	total_trip_time	34876.8	683.2248239049866
268	total_wait_time	15188.5	804.550340252243
269	fitness	0.4085541886566384	0.03423096770327144
269	global_fitness	0.3346646396454431	N/A
269	arrived_vehicles	384.5	5.024937810560445
269	non_arrived_vehicles	15.5	5.024937810560445
269	total_trip_time	36335.2	941.3943700702697
269	total_wait_time	16201.1	1047.7310198710354
270	fitness	0.3941075163474972	0.020953609557323234
270	global_fitness	0.3346646396454431	N/A
270	arrived_vehicles	386.5	3.556683848755748
270	non_arrived_vehicles	13.5	3.556683848755748
270	total_trip_time	36235.0	423.20822298249357
270	total_wait_time	15836.8	540.8263677003924
271	fitness	0.39078477930454	0.02162216986778122
271	global_fitness	0.3346646396454431	N/A
271	arrived_vehicles	385.0	3.0
271	non_arrived_vehicles	15.0	3.0
271	total_trip_time	35226.4	566.3287384549719
271	total_wait_time	15154.1	697.3642448534338
272	fitness	0.38254747912947595	0.02626070436533625
272	global_fitness	0.3346646396454431	N/A
272	arrived_vehicles	386.7	3.925557285278104
272	non_arrived_vehicles	13.3	3.925557285278104
272	total_trip_time	35355.0	678.2919725310038
272	total_wait_time	15130.5	754.3160146781984
273	fitness	0.4045578981730197	0.029471956878998017
273	global_fitness	0.3346646396454431	N/A
273	arrived_vehicles	383.1	4.504442251822083
273	non_arrived_vehicles	16.9	4.504442251822083
273	total_trip_time	35380.8	865.2587820993209
273	total_wait_time	15458.4	811.0119851148933
274	fitness	0.3893664187145915	0.017735647612487058
274	global_fitness	0.3346646396454431	N/A
274	arrived_vehicles	385.8	3.815756805667782
274	non_arrived_vehicles	14.2	3.8157568056677826
274	total_trip_time	35524.6	1156.1350440151878
274	total_wait_time	15293.4	764.4668992180107
275	fitness	0.39611735598140557	0.021967891763590403
275	global_fitness	0.3346646396454431	N/A
275	arrived_vehicles	385.0	3.3763886032268267
275	non_arrived_vehicles	15.0	3.3763886032268267
275	total_trip_time	35648.8	514.3539248416406
275	total_wait_time	15515.4	571.4819682194706
276	fitness	0.4175270515424665	0.03422581453193904
276	global_fitness	0.3346646396454431	N/A
276	arrived_vehicles	382.5	5.044799302251775
276	non_arrived_vehicles	17.5	5.044799302251775
276	total_trip_time	36089.8	702.6678874119693
276	total_wait_time	16130.3	892.8202562666239
277	fitness	0.4066245643082442	0.04933447724161842
277	global_fitness	0.3346646396454431	N/A
277	arrived_vehicles	384.5	7.392563831310488
277	non_arrived_vehicles	15.5	7.392563831310488
277	total_trip_time	36099.9	580.4986563291943
277	total_wait_time	16012.8	1128.9502026218872
278	fitness	0.3804807775864457	0.028590111039424222
278	global_fitness	0.3346646396454431	N/A
278	arrived_vehicles	387.4	4.103656905736638
278	non_arrived_vehicles	12.6	4.1036569057366385
278	total_trip_time	35576.7	684.4920817657426
278	total_wait_time	15145.0	903.0715364798073
279	fitness	0.3999416580751442	0.03138464968330569
279	global_fitness	0.3346646396454431	N/A
279	arrived_vehicles	384.1	4.3920382511995495
279	non_arrived_vehicles	15.9	4.3920382511995495
279	total_trip_time	35463.6	576.2383534614821
279	total_wait_time	15496.2	823.3228771265864
280	fitness	0.39887039472861574	0.02500867297709859
280	global_fitness	0.3346646396454431	N/A
280	arrived_vehicles	384.6	3.5552777669262356
280	non_arrived_vehicles	15.4	3.555277766926235
280	total_trip_time	35700.6	663.9778911981934
280	total_wait_time	15538.3	758.6505190138606
281	fitness	0.3936143462406888	0.02282090587164385
281	global_fitness	0.3346646396454431	N/A
281	arrived_vehicles	386.2	3.1240998703626617
281	non_arrived_vehicles	13.8	3.124099870362662
281	total_trip_time	36076.4	538.0212263470652
281	total_wait_time	15682.4	695.2875951719548
282	fitness	0.3876376424743985	0.02197617699670943
282	global_fitness	0.3346646396454431	N/A
282	arrived_vehicles	386.1	2.6248809496813377
282	non_arrived_vehicles	13.9	2.6248809496813377
282	total_trip_time	35499.2	709.3536212637531
282	total_wait_time	15297.4	734.5774567736203
283	fitness	0.40226436985064334	0.04183949011627212
283	global_fitness	0.3346646396454431	N/A
283	arrived_vehicles	384.0	5.848076606885378
283	non_arrived_vehicles	16.0	5.848076606885378
283	total_trip_time	35612.7	938.8101032690264
283	total_wait_time	15536.0	1203.7871074239
284	fitness	0.40474270466230716	0.027794349871143046
284	global_fitness	0.3346646396454431	N/A
284	arrived_vehicles	383.8	4.019950248448356
284	non_arrived_vehicles	16.2	4.019950248448356
284	total_trip_time	35736.2	502.94170636366994
284	total_wait_time	15706.3	726.8339631580242
285	fitness	0.41232758412755127	0.020931131597271918
285	global_fitness	0.3346646396454431	N/A
285	arrived_vehicles	383.3	2.6095976701399777
285	non_arrived_vehicles	16.7	2.6095976701399777
285	total_trip_time	36117.9	700.6227872400383
285	total_wait_time	16075.0	712.9796631040748
286	fitness	0.4214859728707371	0.016728565362894243
286	global_fitness	0.3346646396454431	N/A
286	arrived_vehicles	382.1	2.2561028345356955
286	non_arrived_vehicles	17.9	2.2561028345356955
286	total_trip_time	36230.7	679.41622735993
286	total_wait_time	16333.6	621.5825287119966
287	fitness	0.4035164903291853	0.033300928799110646
287	global_fitness	0.3346646396454431	N/A
287	arrived_vehicles	383.6	3.9799497484264794
287	non_arrived_vehicles	16.4	3.9799497484264803
287	total_trip_time	35475.4	812.8760299086202
287	total_wait_time	15609.2	1094.5633649999438
288	fitness	0.414461892639606	0.06256325949211737
288	global_fitness	0.3346646396454431	N/A
288	arrived_vehicles	382.8	8.975522268926749
288	non_arrived_vehicles	17.2	8.975522268926749
288	total_trip_time	35765.5	969.972190323001
288	total_wait_time	15987.6	1357.3253994529093
289	fitness	0.4072911482137059	0.0343329924812486
289	global_fitness	0.3346646396454431	N/A
289	arrived_vehicles	383.9	4.763402145525822
289	non_arrived_vehicles	16.1	4.763402145525822
289	total_trip_time	35921.5	743.2647240384814
289	total_wait_time	15942.8	950.1425998238369
290	fitness	0.4185101448803362	0.03131707934945331
290	global_fitness	0.3346646396454431	N/A
290	arrived_vehicles	382.4	4.004996878900157
290	non_arrived_vehicles	17.6	4.004996878900157
290	total_trip_time	36136.1	1075.928663992181
290	total_wait_time	16180.9	1086.7830004191271
291	fitness	0.4137227855139877	0.01828670277021812
291	global_fitness	0.3346646396454431	N/A
291	arrived_vehicles	383.5	2.692582403567252
291	non_arrived_vehicles	16.5	2.692582403567252
291	total_trip_time	36331.3	822.0574250014412
291	total_wait_time	16237.1	705.7488859360672
292	fitness	0.41003616110990804	0.02621850709333042
292	global_fitness	0.3346646396454431	N/A
292	arrived_vehicles	383.6	2.8354893757515653
292	non_arrived_vehicles	16.4	2.8354893757515653
292	total_trip_time	36063.3	811.8263422678523
292	total_wait_time	16021.9	1024.874767959481
293	fitness	0.39036556999930083	0.01991142911852665
293	global_fitness	0.3346646396454431	N/A
293	arrived_vehicles	385.0	3.0659419433511785
293	non_arrived_vehicles	15.0	3.0659419433511785
293	total_trip_time	35220.2	515.2678526747035
293	total_wait_time	15100.6	540.436157191578
294	fitness	0.38805257046791874	0.024607386588231712
294	global_fitness	0.3346646396454431	N/A
294	arrived_vehicles	385.4	4.2708313008125245
294	non_arrived_vehicles	14.6	4.2708313008125245
294	total_trip_time	35249.6	598.1419898318459
294	total_wait_time	15018.6	582.580157574904
295	fitness	0.39792209865952	0.02221216203823023
295	global_fitness	0.3346646396454431	N/A
295	arrived_vehicles	385.1	3.3000000000000003
295	non_arrived_vehicles	14.9	3.3000000000000003
295	total_trip_time	35840.0	589.6948363348623
295	total_wait_time	15674.7	747.0981260851884
296	fitness	0.3962583210563847	0.02232573343821911
296	global_fitness	0.3346646396454431	N/A
296	arrived_vehicles	386.2	3.57211421989835
296	non_arrived_vehicles	13.8	3.5721142198983507
296	total_trip_time	36302.4	508.2356146513151
296	total_wait_time	15845.2	475.54385707314106
297	fitness	0.4097234171363063	0.02059918500450109
297	global_fitness	0.3346646396454431	N/A
297	arrived_vehicles	383.6	3.8
297	non_arrived_vehicles	16.4	3.8000000000000003
297	total_trip_time	36087.3	681.1449258417771
297	total_wait_time	15952.6	523.1568024980655
298	fitness	0.39776127760094154	0.02890247980906277
298	global_fitness	0.3346646396454431	N/A
298	arrived_vehicles	386.3	4.405678154382137
298	non_arrived_vehicles	13.7	4.405678154382138
298	total_trip_time	36426.1	1045.4159411449589
298	total_wait_time	15999.5	948.9594564574401
299	fitness	0.4208888680639495	0.0341995050922879
299	global_fitness	0.3346646396454431	N/A
299	arrived_vehicles	381.9	5.5578772926361015
299	non_arrived_vehicles	18.1	5.5578772926361015
299	total_trip_time	36005.4	1052.7724540469324
299	total_wait_time	16206.0	813.5723692456621
